{
    "AP":    0.99685948,
    "Str":   1.096545428,
    "Agi":   1.97378177,
    "Crit":  1.774409874,
    "Hit":   1.694661116,
    "WE":    2.442305726,
    "Haste": 1.764441279,
    "Arpen": 1.156356997
}