{
    "AP":    0.994041576,
    "Str":   1.093445734,
    "Agi":   1.936859088,
    "Crit":  1.728395911,
    "Hit":   1.702556877,
    "WE":    2.002031883,
    "Haste": 1.714761657,
    "Arpen": 1.936859088
}